Bolagsnamn,Bransch,PE,PS,PB
AarhusKarlshamn,Livsmedel,28.52096939,1.47756803,4.102798939
ABB,Industrimaskiner,28.57024956,1.469442964,3.039484978
Active Biotech,Biotech,-11.75969028,47.72040176,7.450768948
Addnode,IT-Konsulter,40.0611496,1.504896045,3.665117025
Addtech,Industrikomponenter,22.25505066,1.495733023,6.380876064
Alfa Laval,Industrikomponenter,13.64422035,1.609130979,2.712025881
A3 Allmänna IT- och Telekom,Bredband & Telefoni,53.47153854,0.662580907,3.125061989
Anoto,Elektronisk Utrustning,-4.006410122,1.148980975,0.540009081
Arise Windpower,Vindkraft,-4.885392189,2.52877903,1.644793034
Assa Abloy,Byggmaterial,20.14694977,2.141128063,3.404090881
AstraZeneca,Läkemedel,97.98636627,5.364640236,9.965063095
Atlas Copco A,Industrimaskiner,24.06316948,3.831790924,7.468792915
Atrium Ljungberg,Fastighetsbolag,7.024137974,7.014125824,0.865375221
Autoliv,Bil & Motor,10.62693977,0.57376641,2.325206995
Avanza,Nischbanker,32.49956894,12.17685032,10.84103012
Axfood,Livsmedelsbutiker,25.95384979,0.842958391,10.63973045
Bergman & Beving,Industrikomponenter,11.91512966,0.370473206,0.940450013
BE Group,Industrikomponenter,53.79336166,0.088135019,0.401827991
Beijer Ref,Installation & VVS,31.05772972,1.807579041,6.141795158
Beijer Alma,Industrikomponenter,12.68762016,1.182631016,2.264944077
Beijer Electronics,Datorer & Hårdvara,17.8115406,0.74061799,1.690317035
Bergs Timber,Skogsbolag,14.93902016,0.204388604,0.60964179
Betsson,Betting & Casino,7.950790882,1.210365057,1.278059959
Bilia,Bil & Motor,6.88646698,0.188333005,1.744297028
BillerudKorsnäs,Skogsbolag,21.92639923,0.951682329,1.195348978
BioGaia,Hälsoprodukter,40.71511078,9.927598,15.01922035
Bioinvent,Biotech,-5.090514183,7.526000023,4.163739204
Biotage,Medicinsk Utrustning,38.69348907,6.5633111,8.25657177
Björn Borg,Kläder & Skor,8.871956825,0.44352901,1.304471016
Boliden,Gruv - Industrimetaller,9.191897392,1.065047979,1.283403039
Bong Ljungdahl,Förpackning,-6.248880863,0.068067729,0.278836906
Brinova,Fastighetsbolag,10.88331985,6.661929131,1.236963034
BTS Group,Affärskonsulter,24.35354996,1.967951059,4.372165203
Bure Equity,Investmentbolag,2.894824028,2.632803917,0.902880013
Byggmax,Detaljhandel,12.08810043,0.32421121,1.142104983
Castellum,Fastighetsbolag,7.724594116,7.497656822,0.996958673
Catena,Fastighetsbolag,9.225149155,9.561247826,1.790122986
Qliro Group,Betalning & E-handel,-6.334965229,0.237551197,0.785670221
CellaVision,Medicinsk Utrustning,69.89273071,15.01041985,19.89646912
Clas Ohlson,Detaljhandel,13.75430965,0.560295224,2.751003027
Cloetta,Livsmedel,13.31875038,1.021492004,1.580307007
Concordia Maritime,Olja & Gas - Transport,-4.521770954,0.406881213,0.439490199
Consilium,Säkerhet & Bevakning,-3.843323946,4.332546234,5.054339886
Corem A,Fastighetsbolag,2.343512058,7.59377718,0.893002927
CTT Systems,Installation & VVS,22.48741913,5.530729771,8.669108391
Diamyd Medical,Biotech,96.94656372,27.13167953,13.20617008
Diös,Fastighetsbolag,7.785243988,4.371276855,0.9552508
Doro,Hemelektronik,9.091741562,0.343299508,0.905892611
Duni,Hygienprodukter,13.71537971,0.665120184,1.384917974
Duroc,Industrikomponenter,5.305640221,0.245414704,0.793080211
Eastnine,Fastighetsbolag,6.064891815,16.02368927,0.797504127
Elanders,Media & Publicering,12.73383045,0.167458802,0.678639412
Electra Gruppen,Hemelektronik,11.55471992,0.1116376,1.006728053
Electrolux B,Hemelektronik,13.76877022,0.290344507,1.530864
Elekta,Medicinsk Utrustning,27.10795975,2.238033056,4.005648136
Elos,Medicinsk Utrustning,15.92656994,0.889422715,1.135707021
Enea,IT-Konsulter,16.38184929,2.74703598,1.876729965
Eniro,Marknadsföring,-0.061436869,0.036919739,-0.125031695
EnQuest,Olja & Gas - Exploatering,1.723464012,0.139760301,0.2018722
Ericsson B,Kommunikation,120.778801,1.181620002,3.279062033
Etrion,Solkraft,-11.50996971,2.568109989,-18.12257004
eWork,IT-Konsulter,14.74662971,0.087966561,7.022181034
Fabege,Fastighetsbolag,6.308930874,13.2672596,0.945675015
Fagerhult,Bygginredning,10.4012804,0.67406249,0.961236298
Fastpartner,Fastighetsbolag,4.342241764,8.102560043,1.081799984
Fast Balder,Fastighetsbolag,7.484940052,8.811934471,1.141762018
Feelgood,Hälsovård & Hjälpmedel,9.649123192,0.316338509,1.271667957
Fenix Outdoor,Kläder & Skor,16.12936974,1.601423025,3.092472076
Fingerprint Cards,Biometri,-330.0231018,3.075954914,2.494072914
Formpipe Software,Affärs- & IT-System,29.91839981,2.661556005,2.619437933
Getinge,Hälsovård & Hjälpmedel,42.08179855,1.936197042,2.451888084
GHP Specialty Care,Sjukhus & Vårdhem,26.17601967,0.71413821,2.330708981
Gunnebo,Säkerhet,28.1255703,0.231827095,0.864442587
ICA Gruppen,Livsmedelsbutiker,25.68836021,0.739027619,2.604960918
Haldex,Industrikomponenter,247.5684967,0.240285799,0.805277824
Heba,Fastighetsbolag,9.395131111,17.51530075,1.235595942
Hennes & Mauritz,Kläder & Skor,15.21175957,0.936272621,3.740981102
Hexagon,Mätning & Analys,21.76186943,3.911640882,2.520781994
Hexpol,Kemikalier,12.89091015,1.281764984,2.037475109
HiQ,IT-Konsulter,11.35499954,1.083835006,2.460877895
HMS Networks,Kommunikation,32.13489914,4.357986927,6.633049011
Holmen B,Skogsbolag,5.372050762,2.558969975,1.169338942
Hufvudstaden A,Fastighetsbolag,8.463354111,13.4408102,0.848523021
Husqvarna B,Hemelektronik,11.71623993,0.700303316,1.713253021
I.A.R Systems,Affärs- & IT-System,22.32518005,4.46940279,3.062144995
Image Systems,Affärs- & IT-System,-16.26275063,0.537264585,0.86035502
Indutrade,Industrikomponenter,22.34754944,1.798869014,4.619102955
ICTA,Affärskonsulter,1.198027015,0.411463201,0.993312716
Intrum,Kredit & Finansiering,-47.26548004,1.070353031,0.777214229
ITAB Shop Concept,Bygginredning,10.4095602,0.205981597,0.71457243
JM,Bostadsbyggnation,7.869997025,0.787398219,1.686575055
Kabe,Bil & Motor,8.961872101,0.448473305,0.970183492
Karo Pharma,Biotech,1051.852051,4.909601212,1.654425025
Klövern A,Fastighetsbolag,4.189559937,3.458287001,0.624317706
KnowIT,IT-Konsulter,11.43206024,0.795931816,2.166771889
Kungsleden,Fastighetsbolag,6.741836071,6.246523857,0.865469277
Lagercrantz,Elektroniska komponenter,22.38820076,1.992548943,5.112071991
Lammhults Design,Bygginredning,5.55960989,0.295899004,0.608772874
Latour,Investmentbolag,18.20342064,7.058423042,3.728127956
Lindab,Installation & VVS,9.468375206,0.650275588,1.277008057
Loomis,Säkerhet,9.631699562,0.753362417,1.652809978
Lundbergföretagen,Investmentbolag,8.783038139,4.837460041,1.290151954
Lundin Mining,Gruv - Prospekt & Drift,19.50453949,1.723562956,0.864606321
Lundin Petroleum,Olja & Gas - Exploatering,7.904336929,2.211232901,-4.078223228
Malmbergs Elektriska,Elektroniska komponenter,10.93375015,0.616599381,1.243283033
Medivir,Biotech,-2.810692072,48.1711998,1.879852057
Mekonomen,Bil & Motor,5.826329231,0.200239107,0.555080295
Mycronic,Elektronik & Tillverkning,14.56377029,2.891104937,4.181325912
Midsona B,Hälsoprodukter,22.32653046,0.702903628,0.932664096
Midway B,Investmentbolag,8.46996212,0.468173414,0.774773419
Millicom,Bredband & Telefoni,20.52350998,0.705254376,1.269399047
Stockwik,Investmentbolag,7.158302784,0.567724109,2.126673937
Amasten,Fastighetsbolag,7.599554062,8.092685699,1.053786993
MQ,Kläder & Skor,-0.401369427,0.065338999,0.209843923
Empir Group,IT-Konsulter,-4.378559113,0.173054099,0.332437485
MTG B,Media & Publicering,-11.55216026,1.50051105,1.229033947
MultiQ,Datorer & Hårdvara,4.973146915,0.458589494,1.154189944
NCC B,Byggnation & Infrastruktur,16.45368004,0.246659994,4.718791008
Nederman,Installation & VVS,17.70735931,0.928180218,2.901118994
NetEnt,Betting & Casino,15.34424019,3.670340061,6.878602982
Net Insight,Kommunikation,-21.92856979,1.57210803,1.520596981
New Wave,Kläder & Skor,5.229866982,0.284461886,0.523061574
NIBE,Installation & VVS,38.86978912,3.328351021,4.791357994
Nobia,Möbler & Inredning,7.051669121,0.410031706,1.335454941
Nolato,Kemikalier,18.83448029,1.672003984,4.464128017
Nordea Bank,Banker,13.68169022,2.406755924,0.660008192
NOTE,Elektronik & Tillverkning,9.540846825,0.49871549,1.887611032
Strax,Fritid & Sport,-15.16555977,0.231429204,1.308485031
Novotek,Affärs- & IT-System,11.39431,0.993209183,2.487489939
Oasmia Pharmaceutical,Läkemedel,-11.5447998,153.4311066,2.65574789
Odd Molly,Kläder & Skor,-0.666966975,0.187860101,0.387666106
OEM,Industrikomponenter,15.58755016,1.376734018,3.933526993
Trention,Investmentbolag,-24.50259972,2.985780001,0.612879515
Orexo,Läkemedel,9.5915308,2.487565041,2.974936008
Ortivus B,Hälsovård & Hjälpmedel,-9.356014252,2.944892883,17.10553932
Peab,Byggnation & Infrastruktur,9.433829308,0.365418106,1.608960032
Poolia,Bemanning,7.529644012,0.105820499,1.159811974
Precise Biometrics,Biometri,885,5.548828125,4.033360958
Prevas,IT-Konsulter,7.912643909,0.317103803,1.351930022
Pricer,Elektronisk Utrustning,19.05837059,1.856480002,2.2980299
Proact IT,IT-Konsulter,11.74440956,0.276041806,1.79458797
Probi,Livsmedel,24.70183945,3.388039112,1.841433048
ProfilGruppen,Industrikomponenter,8.370535851,0.309091687,1.208747983
Ratos B,Investmentbolag,10.15357971,0.266414195,0.609133422
RaySearch Laboratories,Medicinsk Utrustning,38.56093979,2.621207952,2.755398989
Rejlerkoncernen,Affärskonsulter,23.1566391,0.701462388,1.93177402
RNB Retail and Brands,Kläder & Skor,-0.131890193,0.01201288,0.113072403
Rottneros,Skogsbolag,7.723162174,0.625316024,1.085693002
Saab,Militär & Försvar,13.02744961,0.729076922,1.258016944
Sagax A,Fastighetsbolag,11.88708973,18.73756027,2.537652016
Sandvik,Industrimaskiner,19.42033005,1.606287003,2.680814981
SAS,Flygtransport,14.15205002,0.069079913,0.730988026
SCA B,Skogsbolag,24.89023018,3.253240108,1.034332037
SEB A,Banker,7.070175171,2.845462084,0.916213214
Sectra,Medicinsk Utrustning,68.21842957,9.492312431,21.52532959
Securitas,Säkerhet,11.60324955,0.351236701,1.990484953
Semcon,Affärskonsulter,8.332339287,0.476657897,1.428359985
Sensys Gatso,Säkerhet & Bevakning,-76.51612854,2.510277987,2.272428036
Handelsbanken A,Banker,8.934167862,3.392477989,0.945882976
SinterCast,Industrikomponenter,19.71080971,8.155021667,8.505460739
Skanska,Byggnation & Infrastruktur,11.01955032,0.385963112,2.026247978
SKF B,Industrikomponenter,10.93521023,0.706481516,1.711156011
SkiStar,Resor & Nöjen,14.84899044,2.399799109,2.538810015
Softronic,IT-Konsulter,13.67794991,1.064404964,2.654534101
SSAB A,Gruv - Industrimetaller,20.97145081,0.294728696,0.373749405
Stora Enso R,Skogsbolag,9.205422401,0.79263562,1.091302037
Studsvik,Energi & Återvinning,-10.00969028,0.428544194,0.926811814
Svedbergs,Möbler & Inredning,10.42090034,0.711811185,2.423101902
Sweco B,Affärskonsulter,27.00831985,1.822260976,5.258932114
Swedbank,Banker,5.870271206,2.515809059,0.834048092
Swedish Match,Tobak,25.49526024,6.737489223,-15.70269966
Swedish Orphan Biovitrum,Läkemedel,15.52715015,3.600600958,3.030205011
Swedol,Detaljhandel,16.34193039,1.069257975,2.74951005
Systemair,Installation & VVS,16.27535057,0.832894027,2.385987043
Tele2 B,Bredband & Telefoni,36.84725189,3.465010881,2.753591061
Telia Company,Bredband & Telefoni,20.5440197,1.695034981,1.600440025
TietoEVRY,IT-Konsulter,19.49884987,0.879774272,0.910561383
TradeDoubler,Marknadsföring,-6.961537838,0.06739749,0.350161701
Viking Supply,Sjöfart & Rederi,9.865117073,1.017827034,0.252205014
Trelleborg,Kemikalier,-147.2550964,0.800887823,1.002974033
Agromino,Jordbruk,7.366597176,0.504450321,0.368745804
Kindred,Betting & Casino,12.38687038,0.768067718,2.996119976
VBG,Industrikomponenter,10.4357996,0.838970304,1.287433028
Venue Retail Group,Accessoarer,-0.673109472,0.034509171,1.694198012
Vitrolife,Medicinsk Utrustning,44.52259064,11.51406956,9.499515533
Volvo B,Industrimaskiner,6.65704298,0.552636683,1.722486019
Wallenstam,Fastighetsbolag,11.65384007,15.7434597,1.340628982
Wihlborgs,Fastighetsbolag,7.17298317,7.028691769,1.17216897
XANO Industri,Industrikomponenter,16.32638931,1.250555992,3.326478958
ÅF,Affärskonsulter,18.97966003,0.787301779,1.663352013
Karolinska Development,Investmentbolag,0.802204311,71.82195282,0.241180703
Boule Diagnostics,Medicinsk Utrustning,33.18367004,2.494153976,3.737859964
Dedicare,Bemanning,15.40044975,0.523929775,4.367019176
Moberg Pharma,Läkemedel,13.46138,0.767560422,0.253430307
Concentric,Industrikomponenter,11.91714001,1.90128696,3.367419958
Cavotec,Industrimaskiner,18.05462074,0.72079128,1.323513031
Micro Systemation,Elektronisk Utrustning,84.9697876,1.353217959,5.469777107
Vitec Software,Affärs- & IT-System,57.62411118,4.546111107,7.752048969
Semafo,Gruv - Guld & Silver,16.79701042,1.771801949,1.056135058
Bulten,Industrikomponenter,18.21755028,0.312154591,0.651920378
Moment Group,Resor & Nöjen,-1.003509045,0.065079957,0.641406596
ADDvise Group A,Hälsovård & Hjälpmedel,43.06219864,0.488219887,2.076632977
Arctic Minerals,Gruv - Guld & Silver,-8.883554459,26.36776924,0.881878674
Avensia,Betalning & E-handel,21.43684959,1.302096009,6.370940208
Avtech,Affärs- & IT-System,96.4539032,3.623245001,2.657881975
Bredband2,Bredband & Telefoni,23.31605911,1.411134005,12.01488972
C-RAD,Medicinsk Utrustning,-69.41335297,4.663582802,11.49940014
Catella B,Kapitalförvaltning,13.85918999,0.647107482,1.028908968
Auriant Mining,Gruv - Guld & Silver,-66.9421463,1.418941975,-1.562137008
Confidence,Säkerhet,-1.659242034,0.307041407,1.350159049
DistIT,Datorer & Hårdvara,9.748901367,0.160183996,0.944291413
Diadrom,IT-Konsulter,8.395935059,0.910729289,3.068485022
Dignitana,Medicinsk Utrustning,-9.235209465,8.255363464,6.374227047
Drillcon,Gruv - Service,6.751360893,0.633260012,1.499086976
Ellen,Biotech,-5.656933784,1.84157896,4.896402836
Kakel Max,Byggmaterial,7.156108856,0.218466595,0.785388827
Endomines,Gruv - Guld & Silver,-5.309045792,70.20366669,1.211755037
Eolus Vind,Vindkraft,16.19021988,1.226382017,3.027883053
Episurf,Medicinsk Utrustning,-1.225396037,15.83808041,2.065835953
Firefly,Affärs- & IT-System,13.87755013,0.942046821,4.93909502
Vertical Ventures,Bredband & Telefoni,-1.325443983,4.15226078,11.08854961
Generic Sweden,Säkerhet & Bevakning,30.17181015,3.79876709,12.63477993
Genovis,Biotech,144.7454987,21.92815018,38.79534149
Binero Group,Affärs- & IT-System,-6.867249012,8.544268608,1.161033034
Götenehus Group,Bostadsbyggnation,9.289909363,0.39180249,1.126911998
Hansa Biopharma,Biotech,-11.07923985,1185.668945,7.08686018
Stendörren,Fastighetsbolag,9.293354034,4.552449226,0.701835871
Hifab,Affärskonsulter,-10.64789009,0.321993291,1.929258943
Impact Coatings,Industrimaskiner,-18.61450958,12.47653961,4.814926147
Invisio Communications,Kommunikation,45.14085007,8.926025391,12.53057957
Northbaze,Elektronisk Utrustning,-1.751618028,0.339793086,0.777212381
JLT Mobile,Datorer & Hårdvara,12.96737957,0.997394383,2.411787987
Kancera,Biotech,-1.817180991,11.80679989,3.764564991
Kopy Goldfields,Gruv - Guld & Silver,-29.41176033,13.32717037,0.904916883
Lucara Diamond,Gruv - Ädelstenar,11.65694046,0.769674897,0.625462472
Mackmyra,Bryggeri,-7.718843937,1.639621019,1.033879995
MedCap,Investmentbolag,45.01623917,3.253789902,7.534521103
Modern Ekonomi,Affärskonsulter,-6.531530857,0.321589798,3.448605061
Misen Energy,Olja & Gas - Exploatering,-16.24087906,4.599427223,-3.692248106
NetJobs,Bemanning,-1.025773048,0.200108901,-3.911547899
New Nordic Healthbrands,Hälsoprodukter,13.6814003,0.848605812,3.768655062
Nischer,Fastighetsbolag,-3.239255905,0.37955749,1.611170053
Online Brands Nordic,Accessoarer,-0.851393223,0.158144295,1.598816991
OPUS Prodox,Bil & Motor,870.666687,0.702711284,1.950703979
Saxlund,Energi & Återvinning,-8.389262199,0.762039423,-9.810694695
PledPharma,Biotech,-5.698915005,4.239531994,1.429394007
Precio Fishbone,IT-Konsulter,17.83414078,1.351776958,3.286600113
Precomp Solutions,Industrikomponenter,-4.514824867,0.096320502,1.143645048
ENLABS,Betting & Casino,9.937496185,2.367172003,2.343565941
ScandBook,Media & Publicering,8.446738243,0.171723902,0.278909713
ShaMaran,Olja & Gas - Exploatering,-4.679376125,0.861920774,0.42624861
SJR,Bemanning,10.51832962,0.458392113,3.466641903
Skåne-möllan,Livsmedel,34.10874176,2.248338938,3.136137009
Allgon,Kommunikation,9.87425518,0.728856623,1.28046
Stille,Medicinsk Utrustning,23.42365074,3.420551062,5.201879025
TagMaster,Kommunikation,-6.978922844,0.667687178,0.881498992
Tethys Oil,Olja & Gas - Exploatering,4.230892181,1.074552059,0.586472929
Unlimited Travel Group,Resor & Nöjen,6.798161983,0.045829911,0.956959307
Nordic Flanges,Industrikomponenter,-1.724684,0.135650203,0.523914218
WeSC,Kläder & Skor,-0.867256582,0.765964925,-5.988451958
Westpay,Säkerhet,-3.35235405,1.251302004,2.368103027
Wise Group,Bemanning,-218.0377045,0.174398303,1.585962057
ZetaDisplay,Marknadsföring,28.1255703,0.94862479,1.573825002
ALM Equtiy,Fastighetsbolag,11.39700985,1.884806991,0.957208514
Mangold,Kapitalförvaltning,34.99554825,2.553911924,3.793457031
Platzer,Fastighetsbolag,5.631443977,7.319815159,0.961602688
aXichem,Kemikalier,-65.19534302,2387.327881,12.19367027
Sportamore,Detaljhandel,-29.94171906,0.417549312,1.972244024
Nexam,Kemikalier,-23.73418045,2.97853899,2.618673086
Xvivo Perfusion,Medicinsk Utrustning,288.6784058,15.50158978,5.778075218
Bufab,Industrikomponenter,12.18789959,0.709184527,1.762019992
Bactiguard,Medicinsk Utrustning,280.6802063,23.06431007,11.79850006
Recipharm,Läkemedel,21.90703964,0.974958479,1.320865035
Scandi Standard,Livsmedel,17.15317917,0.406554192,2.319324017
Arctic Paper,Skogsbolag,2.195980072,0.087836072,0.314516515
Besqab,Bostadsbyggnation,13.83819008,1.157971025,1.086258054
G5 Entertainment,Gaming & Spel,23.58340073,0.861212671,2.753863096
NeuroVive Pharmaceutical,Biotech,-1.755555987,37.19499969,1.057724953
Oscar Properties,Fastighetsbolag,-20.81911087,0.049168158,0.03667891
Starbreeze B,Gaming & Spel,-1.310830951,1.858814955,84.51965332
Cell Impact,Industrimaskiner,-14.44966984,58.27790833,15.50632
BIMobject,Affärs- & IT-System,-8.007167816,7.279589176,6.711883068
Delarka,Fastighetsbolag,6.308625221,8.059640884,1.271190047
Immunicum,Biotech,-5.404102802,810.9937744,2.654941082
Polyplank,Energi & Återvinning,-7.081544876,1.303336024,4.881478786
Fastator,Fastighetsbolag,2.223659039,5.276686192,0.812278211
Ages Industri,Industrikomponenter,-1.693601966,0.214658096,0.642051876
Brighter,Medicinsk Utrustning,-4.179615974,9.903637886,1.804033041
Clavister,Kommunikation,-2.085180044,2.384690046,-6.969532013
Cortus Energy,Bioenergi,-11.97916985,417.2461853,14.10336018
Dome Energy,Olja & Gas - Exploatering,-0.306742609,0.332369208,1.292662978
Doxa,Biotech,-12.02375031,6.758059978,15.26257992
Hanza,Affärskonsulter,15.38251972,0.175563395,0.729380071
Heliospectra,Elektronisk Utrustning,-4.910309792,9.454051971,4.181081772
Hexatronic,Elektroniska komponenter,24.7884903,0.895561576,2.894220114
Kallebäck Property,Fastighetsbolag,7.132425785,7.655310154,1.063483953
Kambi,Betting & Casino,28.39728928,3.214976072,4.135916233
Kentima,Säkerhet & Bevakning,-37.18412018,0.572916389,1.128442049
Mavshack,Media & Publicering,-2.217143059,1.828384995,1.497377038
Irisity,Säkerhet & Bevakning,-12.06083012,4.151399136,2.439214945
myFC Holding,Förnybarenergi,-0.637704313,22.33459091,1.795032024
New Equity Venture,Investmentbolag,31.09789085,2.069947004,0.464617789
Nicoccino,Tobak,-11.3968401,642.1071167,6.102850914
Clemondo,Kemikalier,-46.34146118,0.705683827,6.118618011
ScandiDos,Medicinsk Utrustning,-10.33460045,1.610249996,2.020442963
Scandinavian Enviro,Energi & Återvinning,-3.830806017,144.3917999,1.077023029
Advenica,Säkerhet & Bevakning,-1.854801059,1.056552052,3.127619982
Speqta,Internettjänster,-189.2156982,1.281075001,1.584730029
DDM Holding,Kredit & Finansiering,-9.291521072,1.440310955,1.173655987
Inwido,Byggmaterial,6.710646152,0.4384287,0.769976199
Gränges,Industrikomponenter,7.224032879,0.36186251,1.004726052
Safeture,Säkerhet & Bevakning,-18.11764908,10.35441971,23.50023079
Thule,Bil & Motor,18.79339027,2.357851982,3.832462072
Sprint Bioscience,Biotech,-3.793246984,2.392271042,7.414803028
Nexstim,Medicinsk Utrustning,-0.201996699,0.40163371,-1.851127982
Bayn Europe,Livsmedel,-4.033233166,8.597399712,7.444849968
Papilly,Hälsovård & Hjälpmedel,-1.711910963,16.1096096,32.94351959
Arcoma,Medicinsk Utrustning,35.84943008,1.698320985,5.064578056
PowerCell,Förnybarenergi,-137.7059937,185.9944,21.99604988
Christian Berner Tech,Industrikomponenter,9.876237869,0.531027317,2.438519955
Absolent,Installation & VVS,50.74124908,3.619750977,8.800771713
Samhällsbyggnadsbolag B,Fastighetsbolag,5.776477814,7.593924046,0.490596592
Italeaf,Investmentbolag,-0.135189906,0.052518111,0.144309506
Lifco,Investmentbolag,23.40797997,2.544523001,4.419081211
NP3,Fastighetsbolag,5.736954212,4.499442101,1.093343019
AHA World,Betting & Casino,-1.561462045,2.850162029,1.583423018
Alteco Medical,Medicinsk Utrustning,-6.835591793,9.345355034,9.340467453
Ambia Trading,Elektroniska komponenter,-0.401716888,0.004695675,0.142050207
Axkid,Bil & Motor,33.93574297,0.610131011,1.754106254
BrainCool,Medicinsk Utrustning,-2.403543949,11.66477966,3.348886013
C Security,Säkerhet & Bevakning,-3.752310536,12.30374744,6.410887972
DexTech Medical,Biotech,-135.9510956,1086.348999,64.75013733
Igrene,Olja & Gas - Exploatering,-1.941920996,52.55643082,1.006502032
RootFruit,Livsmedel,64.41718292,0.2631661,1.372055054
Zenicor Medical,Medicinsk Utrustning,-30.69599915,2.126235008,3.294979095
Oboya Horticulture,Förpackning,-3.475894928,0.109135002,0.398532599
Real Heart,Medicinsk Utrustning,-8.602948189,243.8358002,2.713548899
Greater Than,Mätning & Analys,-30.06059074,44.82498169,35.9851799
Ecoclime,Energi & Återvinning,-81.16385651,1.706861019,1.186153054
QBNK,Affärs- & IT-System,58.91353989,3.705564022,12.47959042
Phase Holographic,Medicinsk Utrustning,-15.10898018,85.67474365,11.15581036
Emotra,Medicinsk Utrustning,-2.785985947,2177.093018,9.113940239
Envirologic,Industrimaskiner,88.46154022,2.226658106,2.527632952
EQL Pharma,Läkemedel,279.8076923,6.195576019,5.2367387
Tourn,Marknadsföring,-7.146430016,0.876907587,-98.96305084
Josab Water Solutions,Energi & Återvinning,-6.494522692,38.72081907,4.471402959
Storytel,Media & Publicering,-30.73184967,5.145803928,28.07942963
Motion Display,Marknadsföring,-5.03084898,0.731507719,1.812733054
OptiFreeze,Jordbruk,-30.24691358,45.20911865,11.05133831
Ortoma,Medicinsk Utrustning,-62.19709208,50.86725515,5.375258739
ProstaLund,Medicinsk Utrustning,-4.258812904,3.497106075,2.026974916
Saniona,Biotech,-8.779661179,250.3276978,11.38613033
Serstech,Mätning & Analys,-9.406952858,6.083395958,2.927342892
SyntheticMR,Medicinsk Utrustning,214.5178986,16.21832085,18.26759911
RLS Global,Läkemedel,-9.598917961,189.6665039,4.918279171
Enzymatica,Hälsoprodukter,-27.46602058,18.35783005,9.44141674
Spago Nanomedical,Biotech,-5.514514619,5.861356824,0.809800844
Sivers IMA,Elektronik & Tillverkning,-14.12088966,7.61815691,3.702792883
Safe at Sea,Industrimaskiner,-1.83950305,1.051355958,1.69284904
Recyctec,Energi & Återvinning,-1.063516021,2.644323111,1.946019053
Angler Gaming,Betting & Casino,12.04752998,2.730808093,7.396270673
Peptonic Medical,Biotech,-6.95381403,38.09291077,1.987440944
Ngage Group,Gaming & Spel,-0.262221396,1.921831012,-5.687953949
ECOMB,Energi & Återvinning,-95.38461304,2.139369011,1.449092984
EcoRub,Energi & Återvinning,-1.511789182,2.041090523,1.078191124
Alphahelix,Medicinsk Utrustning,-117.3469009,7.068853855,84.85587311
Amnode,Industrikomponenter,-0.238095238,0.049969525,0.244581193
Amhult 2,Fastighetsbolag,21.55825996,9.360818863,0.750835717
Umida Group,Bryggeri,-2.291276932,0.794204414,3.503887892
AQ Group,Industrikomponenter,9.971739769,0.500515103,1.295691967
AroCell,Biotech,-3.051911116,142.8450012,0.787019908
Archelon,Gruv - Prospekt & Drift,-3.763441086,1464.582031,2.495028973
Botnia Exploration,Gruv - Prospekt & Drift,-24.87561989,70.19927979,1.463628054
EasyFill,Bygginredning,-3.878066063,0.893055379,1.525081038
European institute,Biotech,-1.344758987,10.52285957,2.941617966
Gullberg & Jansson,Energi & Återvinning,10.0436697,0.762586117,2.277185917
Challenger Mobile,Telekomtjänster,-3.565217018,29.45038986,-3.231018066
Eurocon,IT-Konsulter,25.92301941,0.539560795,1.658576012
Slottsviken B,Fastighetsbolag,6.402049065,0.763061821,0.506159902
Signatur Fastigheter,Fastighetsbolag,8.718324661,5.975806236,0.692960382
Smart Energy,Olja & Gas - Försäljning,21.11111111,0.026070479,0.29016751
Bahnhof,Bredband & Telefoni,23.81889764,2.012821227,6.968360835
Clinical Laserthermia,Medicinsk Utrustning,-4.295433998,28.89788055,22.59465027
Jojka Communications,Marknadsföring,-30.63063049,0.482206494,2.764941931
Latvian Forest,Skogsbolag,8.20443821,9.974099159,0.515342176
Medfield,Medicinsk Utrustning,-14.91117001,24.25638962,2.206861019
Net Gaming Europe,Betting & Casino,3.816684008,1.316576004,0.722495377
TiksPac,Energi & Återvinning,8.947211266,1.039304972,1.346444011
Wonderful Times,Fritid & Sport,11.71131992,0.413490295,0.764127791
iZafe,Medicinsk Utrustning,-1.787248969,2.883372068,1.119804978
Miris,Medicinsk Utrustning,-1.880342007,3.531151056,2.664177895
Consensus,Kapitalförvaltning,23.51350975,1.848695993,2.937315941
SensoDetect,Medicinsk Utrustning,-6.068052769,11.5285902,4.345431805
HomeMaid,Konsumentservice,-25.15236092,0.329907894,6.219144821
IDL Biotech,Medicinsk Utrustning,-50.40184021,7.917669773,7.372591019
MedicPen,Hälsovård & Hjälpmedel,-6.150000095,31.84859085,3.441342115
NGS,Bemanning,9.790348053,0.2442009,0.602139771
Transferator A,Investmentbolag,-17.23646927,2.904814959,1.816048026
Everysport Media,Marknadsföring,-6.960262775,0.39441371,3.446007013
Exalt,Telekomtjänster,34.375,0.607316196,1.008723974
True Heading,Affärskonsulter,-3.763066202,0.962388438,0.92973913
Future Gaming,Betting & Casino,-0.227642298,0.548095882,0.491058797
Vindico Security,Säkerhet & Bevakning,-4.838709831,0.708801508,-14.73095036
Arbona B,Investmentbolag,42.28855896,1.709321022,0.700647712
Star Vault,Gaming & Spel,-6.073297977,19.67881012,2.949321985
Railcare,Stödtjänster & Service,22.50554085,1.229594946,3.036075115
NFO Drives,Energi & Återvinning,572.5,1.739979982,2.733356953
Lovisagruvan,Gruv - Prospekt & Drift,22.96789932,3.476351976,5.247077942
FX International,Kapitalförvaltning,-24.27337074,74.18921661,5.92896986
Genesis IT,Affärs- & IT-System,8.721737862,1.785663962,1.23338604
Novus,Marknadsföring,-13.48314953,0.550207019,2.973278046
ArcAroma,Energi & Återvinning,-5.583609104,9.472300529,1.420768023
QuiaPEG,Läkemedel,-4.604506016,20.18494987,-10.51756001
Parans Solar,Solkraft,-3.359204463,11.10663871,12.37901646
Micropos Medical,Medicinsk Utrustning,-10.47688007,33.07300949,9.432777405
Senzime,Medicinsk Utrustning,-23.28647041,116.8368988,4.790019035
Kopparbergs,Bryggeri,12.90975314,1.306233062,3.146713414
Crown Energy,Olja & Gas - Exploatering,2.894925117,7.504952908,0.551493585
Sotkamo Silver,Gruv - Guld & Silver,-2.978496075,1.526887059,1.376803994
Lifeassays,Medicinsk Utrustning,-1.003301978,3.901988029,-3.511594057
MedicaNatumin,Hälsoprodukter,258.5714111,0.908033192,1.185840011
LC-Tec,Datorer & Hårdvara,-6.662735939,0.910239697,1.463508964
Glycorex Transplantation,Medicinsk Utrustning,170.5465587,32.60000138,18.57909853
AIK Fotboll,Fritid & Sport,92.97297668,0.201738402,0.591404915
Paynova,Betalning & E-handel,-2.124382019,2.040077925,13.30494976
Guideline Geo,Gruv - Service,68.7736969,0.469492495,0.460485607
Obducat,Elektronik & Tillverkning,-5.739238927,1.230524903,2.654710232
Metallvärden,Energi & Återvinning,-0.887096822,0.180385605,-0.238885999
Advanced Stabilized Tech,Kommunikation,-1.809617996,0.768419981,0.552112818
Hedera,Bemanning,-10.78582001,0.149220899,0.60496521
Briox,Affärs- & IT-System,-14.0662899,23.82510948,7.716434956
Free2Move,Telekomtjänster,-0.592284322,1.640746951,0.322877914
LightAir,Installation & VVS,-35.53054662,6.56246786,2.916296509
Fortnox,Affärs- & IT-System,82.24266006,19.50868317,39.57072868
Zinzino,Hälsoprodukter,96.57701874,1.336086035,25.55484009
Eltel,Installation & VVS,-9.969633102,0.237415105,1.211696982
Ahlstrom-Munksjö,Skogsbolag,41.60395813,0.46596849,1.107620955
Byggmästare AJ Ahlström,Fastighetsbolag,17.59546089,4.601827145,0.902828276
Newton Nordic,Media & Publicering,-2.514970064,0.490875512,0.831920922
Saltängen Property,Fastighetsbolag,-2.51610899,4.514081001,0.831284583
Verisec,Säkerhet & Bevakning,-10.33938026,2.673579931,10.72766972
Dustin Group,Datorer & Hårdvara,14.37462997,0.3245942,1.821617007
Lexington,Kläder & Skor,-4.723598957,0.229173303,0.817056477
OrganoClick,Kemikalier,-17.64014053,4.207667828,4.627250195
Torslanda Property,Fastighetsbolag,8.754164696,4.738306999,0.347768992
Acrinova,Fastighetsbolag,6.689809799,2.914998055,0.685005486
Cargotec,Tåg- & Lastbilstransport,12.89741993,0.313022912,0.80939877
Citycon,Fastighetsbolag,111.1999969,3.2007761,0.425650507
Elisa,Bredband & Telefoni,28.8322506,4.724150181,7.599075794
Fiskars,Hemelektronik,15.3675499,0.728612006,1.044129968
Fortum,Elförsörjning,8.874835014,2.366794109,1.013038039
Huhtamäki,Förpackning,16.51707077,0.923744202,2.329232931
Kemira,Kemikalier,13.01397991,0.538059413,1.177659035
Kesko B,Livsmedelsbutiker,15.75205994,0.49840501,2.637501955
KONE,Installation & VVS,29.25359917,2.72923398,8.532264709
Konecranes,Industrimaskiner,16.95410919,0.410346687,1.109676957
Metso,Industrikomponenter,11.09220982,0.887944221,2.119288921
Neste,Olja & Gas - Försäljning,12.31917953,1.386155963,3.720611095
Nokia,Kommunikation,2443.333008,0.703981817,1.071017027
Nokian Renkaat,Bil & Motor,6.307719231,1.580667019,1.425343037
Nordea Bank,Banker,13.2917099,2.337822914,0.641104698
Orion B,Läkemedel,29.98731041,5.717481136,7.709869862
Outokumpu,Gruv - Industrimetaller,-13.88117981,0.162569895,0.406297803
Outotec,Gruv - Industrimetaller,21.67775917,0.488843888,1.573112965
Sampo,Försäkring,13.18762016,1.315943956,1.251512051
Sanoma,Media & Publicering,21.80233002,1.417510033,2.528435946
SSAB B Oyj,Gruv - Industrimetaller,19.60646057,0.275375813,0.349207789
Stora Enso R Oyj,Skogsbolag,8.871762276,0.763908029,1.051749945
Telia Company oyj,Bredband & Telefoni,19.72905922,1.627769947,1.536929011
TietoEVRY,IT-Konsulter,18.65608978,0.841694415,0.871149004
UPM-Kymmene,Skogsbolag,12.1838398,1.250781059,1.284716964
Valmet,Industrimaskiner,13.59603024,0.770445526,2.627664089
Wärtsilä,Elförsörjning,18.09107971,0.749568522,1.638352036
YIT,Byggnation & Infrastruktur,60.11444855,0.258583099,0.832034111
Basware,Affärs- & IT-System,-14.04356956,2.219604969,3.498626947
Aktia Bank Abp,Banker,7.778150082,2.171025991,0.787975729
Caverion,Affärskonsulter,27.84124947,0.294338197,2.752995968
Oriola B,Apotek,39.77323914,0.183588803,2.023214102
Ahlstrom-Munksjö Oyj,Skogsbolag,40.07030106,0.44879061,1.066787958
Atria,Livsmedel,16.64481926,0.173156798,0.598481774
Aspo,Kemikalier,11.51443958,0.314937294,1.519443035
Alma Media,Media & Publicering,12.41701984,2.089138031,3.044485092
Cramo,Installation & VVS,16.31757927,0.949494183,1.486708045
Bittium,Kommunikation,24.09581947,2.406111002,1.630499005
Finnair,Flygtransport,7.027863979,0.165994599,0.54176712
F-Secure,Säkerhet & Bevakning,115.7406998,1.808835983,5.158267021
Lassila & Tikanoja,Energi & Återvinning,13.58985996,0.593228817,2.32523489
HKScan,Livsmedel,-3.971918106,0.090833247,0.487387002
Metsä Board B,Skogsbolag,13.84313011,1.009094,1.495918036
Olvi,Bryggeri,18.04443932,1.837291002,2.85564208
Ponsse 1,Industrimaskiner,12.3822298,0.960551679,2.774415016
Raisio,Livsmedel,20.53021049,2.214781046,1.929056048
Rapala,Fritid & Sport,19.85816002,0.314697415,0.594285727
SRV Yhtiöt,Byggnation & Infrastruktur,-0.519347072,0.051077452,0.30876261
Stockmann B,Detaljhandel,-1.060243964,0.059940811,0.071878083
Tikkurila,Kemikalier,13.52464008,0.796379983,2.611978054
Uponor,Installation & VVS,12.38801956,0.587328374,2.079210043
Vaisala,Mätning & Analys,30.72866058,2.550400972,5.198696136
Viking Line,Sjöfart & Rederi,15.19999981,0.330434799,0.698256075
Pandox,Fastighetsbolag,5.434444904,2.642339945,0.556846797
Alimak,Installation & VVS,13.20962048,1.134539008,1.41267705
Collector,Kredit & Finansiering,-178.4338989,0.631588876,0.411707789
Coor Service,Stödtjänster & Service,26.50527,0.434326708,2.262228012
Hoist Finance,Kredit & Finansiering,3.524930954,0.701960385,0.435393214
Nobina,Tåg- & Lastbilstransport,14.47898006,0.414845705,3.20002389
Tobii,Biometri,-14.77748013,1.677266002,3.729383945
Troax Group,Installation & VVS,25.27235031,3.655422926,6.417043209
Corline Biomedical,Läkemedel,-37.8710289,30.22528076,6.090610027
Evolution Gaming,Betting & Casino,52.17050934,21.35676956,27.80834961
Gaming Corps,Gaming & Spel,-20.15999985,13.54092979,-51.13756943
Hövding,Fritid & Sport,-9.056306839,4.07417202,40.60364151
Inission,Elektronisk Utrustning,11.62273026,0.447891504,3.075349092
Kontigo Care,Hälsovård & Hjälpmedel,-54.16667175,3.850466967,4.509231091
Magnolia,Fastighetsbolag,9.535478592,1.802965999,1.253728986
Nilörngruppen,Förpackning,7.971583843,0.483936995,1.685194016
Prime Living,Fastighetsbolag,-0.160051107,0.654015183,0.093507297
SavoSolar,Solkraft,-0.272727311,0.323141485,0.601917624
Scibase,Medicinsk Utrustning,-0.797481716,3.4038589,0.986262321
SolTech Energy,Solkraft,-35.40258026,2.908281088,2.816879034
Spiffbet,Betting & Casino,-1.217391014,17.96826935,44.04067993
SpectrumOne,Marknadsföring,-1.310093999,10.09146023,16.30146027
SaltX Technology,Energi & Återvinning,-3.642384052,50.40523911,2.42446208
Aptahem,Biotech,-6.542567753,19078.97167,4.851613901
Cline Scientific,Biotech,-9.021345139,6.920877934,7.491219997
CombiGene,Biotech,-5.232178211,5.853171825,4.986482143
Idogen,Biotech,-0.829130828,6.466238022,1.478883982
Nanexa,Medicinsk Utrustning,-9.207355739,14.90039805,3.646840082
Pharmacolog,Medicinsk Utrustning,-3.333729029,25.1430397,3.275224924
Redsense Medical,Medicinsk Utrustning,-34.02854156,9.856135368,15.71607971
Transtema,Telekomtjänster,-0.665221572,0.095732242,1.410343051
Vibrosense Dynamics,Medicinsk Utrustning,-11.56789464,82.77743271,5.556072818
Bonäsudden,Fastighetsbolag,4.960926056,7.046284199,1.210600019
IVISYS,Elektronisk Utrustning,-3.099745035,3.960855961,5.560327053
Link Prop,Fastighetsbolag,16.88401031,5.109648228,1.422155023
Asiakastieto,Mätning & Analys,37.3116188,5.028082848,2.366966009
Pihlajalinna,Sjukhus & Vårdhem,97.80438995,0.639204085,3.288960934
Insplorion,Mätning & Analys,-17.37373924,17.35816956,5.378100872
SpectraCure,Medicinsk Utrustning,-119.4511032,93.62162781,18.61936951
Endomines Oyj,Gruv - Guld & Silver,-4.569733143,60.39025116,1.042371035
Sotkamo Silver Oyj,Gruv - Guld & Silver,-3.098067999,1.586236,1.430318952
Saga Furs,Kläder & Skor,-36.54661179,0.546715081,0.288056791
Neo Industrial,Industrikomponenter,-9.342703819,0.137972295,1.931532025
Valoe,Solkraft,-0.209737793,1.933303952,-0.131615594
Apetit,Livsmedel,-11.07198048,0.163422599,0.518810213
Afarak,Gruv - Industrimetaller,-1.288848042,0.503593326,1.102090001
Aspocomp,Elektronik & Tillverkning,6.989337921,0.880772471,1.521590948
CapMan,Investmentbolag,18.34380913,5.228205204,2.009423971
Componenta,Industrikomponenter,-7.118644238,0.293700099,0.93651551
Digia,IT-Konsulter,17.13961029,0.92076081,2.284418106
Dovre,Affärskonsulter,0.01140125,0.000283972,0.000980303
Enedo,Elektroniska komponenter,-3.00739789,0.180578098,2.113251925
eQ Oyj,Kapitalförvaltning,20.92123985,8.693766594,6.757472038
Etteplan,Affärskonsulter,11.39764023,0.745345473,2.582329988
Suominen,Hygienprodukter,742.1052856,0.399333,1.240376949
Solteq,IT-Konsulter,6.891798973,0.317089587,788
Exel Composites,Industrikomponenter,21.69811058,0.500943184,1.976652026
Glaston,Byggmaterial,-8.827404022,0.308940411,0.76940459
Innofactor,Affärs- & IT-System,51.33858109,0.333916306,0.968681514
SSH Communications,Säkerhet & Bevakning,-26.11276054,2.35314393,2.972393036
Ålandsbanken B,Banker,8.722467422,1.713129044,0.889100611
Raute,Industrimaskiner,11.16695023,0.567360878,1.734071016
Biohit,Hälsovård & Hjälpmedel,-29.78495026,4.12620306,2.854428053
QPR Software,Affärs- & IT-System,-144.1860962,2.433269978,8.380773544
Elecster,Industrimaskiner,22.83105087,0.57097882,0.883753777
Honkarakenne,Bostadsbyggnation,8.797355652,0.422351211,1.618450046
Ilkka-Yhtymä 2,Media & Publicering,21.39001083,2.21468401,0.590184927
Incap,Industrimaskiner,9.078892708,0.790780127,2.602783918
Digitalist Group,IT-Konsulter,-1.475556016,0.788800776,-2.59751606
Oravo,Fastighet - REIT,-9.882352829,2.214088917,0.35025999
Marimekko,Kläder & Skor,15.69005013,1.62056005,5.247200012
Martela,Bygginredning,-3.925416946,0.093600973,0.633697629
Nurminen Logistics,Tåg- & Lastbilstransport,-0.830188692,0.154306203,-11.99269009
Keskisuomalainen,Media & Publicering,8.056834221,0.462673813,1.375548959
Kesla,Industrimaskiner,12.5,0.250767201,0.921276271
PunaMusta Media,Media & Publicering,32.11758041,0.670756578,1.525833011
Revenio,Medicinsk Utrustning,61.26633835,11.21512032,8.846711159
Soprano,Utbildning,-51.83673096,0.303660691,0.778406501
Investors House,Fastighetsbolag,19.29561996,2.777882099,0.708030522
Trainers House,Utbildning,5.054944992,0.437174112,0.555230379
Uutechnic,Industrimaskiner,15.32608986,0.945651472,1.372730017
Yleiselektroniikka,Elektroniska komponenter,14.93369007,0.573512077,2.259486914
NoHo Partners,Restaurang & Café,4.168432236,0.333394706,0.719067216
Panostaja,Investmentbolag,21.02235985,0.178463504,0.683213711
Scanfil,Elektronik & Tillverkning,9.442346573,0.457094699,1.591467977
Tecnotree,Affärs- & IT-System,4.100227833,0.648825884,8.759149551
Teleste,Kommunikation,-52.29225922,0.291264892,0.954885423
Tulikivi,Möbler & Inredning,-4.531835079,0.250670999,0.940829992
Wulff-Yhtiöt,Bygginredning,10.23935986,0.187992096,0.859190583
Ahola Transport,Tåg- & Lastbilstransport,10.31552982,0.123806298,1.29816103
Double Bond Pharma,Biotech,-10.89918041,15.56583023,13.35258007
Hybricon,Tåg- & Lastbilstransport,-1.878850103,2.092073067,2.406384353
Oncology Venture,Biotech,-0.421342909,69.41118622,0.393372506
Swemet,Elektroniska komponenter,17.07555962,0.923336208,10.86865997
Aker Solutions,Olja & Gas - Service,44.9236908,0.062937424,0.258163393
BW LPG,Olja & Gas - Transport,1.839341998,0.616348922,0.427823991
Aker BP,Olja & Gas - Exploatering,40.84194946,1.721089959,2.433129072
DNB,Banker,7.173132896,3.217097044,0.728489578
DNO,Olja & Gas - Exploatering,6.560313225,0.496313214,0.415154308
A.P. Moller Maersk B,Sjöfart & Rederi,-229.4449005,0.495585293,0.685931802
Carlsberg B,Bryggeri,18.86026001,1.879958987,2.851525068
Chr Hansen,Livsmedel,37.41537094,8.003072739,12.81130028
Coloplast,Medicinsk Utrustning,55.76327133,12.0896101,40.65356064
Danske Bank,Banker,4.176500797,2.139003992,0.349902093
Frontline,Olja & Gas - Transport,12.67996979,1.854140997,1.17552197
Gjensidige Forsikring,Försäkring,14.17000961,2.930053949,3.546938896
Mowi,Fiskodling,20.15546989,2.327647924,3.328337908
Nordic Semiconductor,Elektronik & Tillverkning,142.199295,3.612447023,4.486602783
DSV Panalpina,Tåg- & Lastbilstransport,34.02799988,1.329483032,2.552836895
FLSmidth & Co.,Byggmaterial,9.819448471,0.368595511,0.866843998
G4S,Säkerhet,-16.23307991,0.190395802,5.450519085
Genmab,Biotech,44.37612915,17.91254044,6.842161179
GN Store Nord,Medicinsk Utrustning,28.85466003,3.336617947,8.652224541
Equinor,Olja & Gas - Försäljning,26.72829056,0.765416682,1.197402
Novo Nordisk,Läkemedel,25.0153904,7.985252857,16.91818047
Capacent,Affärskonsulter,19.44927979,0.1933081,0.472808599
Sinch,Kommunikation,84.71764374,4.61976099,11.64385986
Bravida,Installation & VVS,15.48324013,0.669288576,2.444274902
Dometic,Bil & Motor,10.36769009,0.742417574,0.791162372
Klaria Pharma,Biotech,-5.527846813,10.73149967,1.514157057
Minesto,Förnybarenergi,-14.14303017,35.25434113,3.545833111
Photocat,Installation & VVS,-13.81707954,7.629392147,4.198824883
Waystream,Kommunikation,6.179662228,0.58585602,1.663468957
Alzinova,Biotech,-13.19684029,11.99664021,1.381713986
Nanologica,Biotech,-7.85677923,10.11182995,37.3433487
PExA,Medicinsk Utrustning,-6.451612949,10.75424004,1.93718195
Attendo,Sjukhus & Vårdhem,69.27507782,0.465842813,0.962283611
Camurus,Läkemedel,-16.45019913,45.11166,7.542368889
Scandic Hotels,Hotell & Camping,5.492702007,0.209328607,0.60471648
Immunovia,Medicinsk Utrustning,-21.4282093,89.13739777,6.862206936
Nilsson Special Vehicles,Bil & Motor,-1.846343994,0.104689904,0.660791218
Stillfront,Gaming & Spel,38.05401993,5.913654804,6.626584053
TC TECH,Industrimaskiner,-4.591357231,6.271768093,2.703169107
Zenergy,Bostadsbyggnation,-10.45751953,3.225703001,1.453557968
Evli Pankki,Nischbanker,11.41199017,2.604515076,2.464696884
Consti Yhtiöt,Byggnation & Infrastruktur,19.26579094,0.163271695,1.757115006
IMINT,Affärs- & IT-System,-12.25767994,1.373772025,1.313060999
Toleranzia,Medicinsk Utrustning,-3.72913599,4.055766106,0.805542588
Prebona,Läkemedel,-17.70538244,44.93774088,-176.0452962
QuickCool,Medicinsk Utrustning,-0.143269807,0.113391899,0.030636551
Implementa Sol,Solkraft,-30.11696053,3.264605999,10.83148956
Pandora,Accessoarer,7.046227932,0.948926926,3.953350067
Vestas Wind Systems,Vindkraft,21.6721096,1.256039977,4.561170101
Royal UNIBREW,Bryggeri,21.21777916,3.149842978,7.82361412
Lundbeck,Läkemedel,16.37585068,2.563644886,3.000842094
Nordea Bank,Banker,13.4903698,2.373064995,0.650769114
Orkla,Livsmedel,25.43939018,2.238540888,2.833913088
Yara International,Kemikalier,18.57325935,0.860029697,1.259948015
ISS,Stödtjänster & Service,13.80140018,0.237181395,1.487805009
Jyske Bank,Banker,5.512341976,1.651819944,0.352567196
Kobenhavns Lufthavne,Flygtransport,38.38237,9.011556625,12.01790047
Novozymes,Kemikalier,28.39530945,6.23059988,7.809438229
DalsSpira Mejeri,Jordbruk,-7.422284126,0.830897212,2.919056892
Rockwool B,Byggmaterial,13.24409962,1.361184955,1.78550899
Sydbank,Banker,6.838387012,1.597370982,0.477826387
Topdanmark,Försäkring,15.95588017,1.200042009,3.858632088
Tryg,Försäkring,19.95601082,2.514503956,4.694643021
Demant,Medicinsk Utrustning,27.29902077,2.670315027,5.220472813
Norsk Hydro,Gruv - Industrimetaller,-23.73686028,0.284668893,0.537787914
Norwegian Air Shuttle,Flygtransport,-0.3800475,0.01410611,0.149697602
Otello,Internettjänster,-7.305138111,0.685613513,0.489607811
PGS,Olja & Gas - Service,-1.778545022,0.136996105,0.200150594
REC Silicon,Solkraft,-0.878257215,0.696231604,139.4203949
Schibsted A,Media & Publicering,52.36851883,2.605325937,4.733459949
Seadrill,Olja & Gas - Borrning,-0.01651497,0.033266619,0.02480714
Storebrand,Försäkring,9.625112534,0.614688814,0.59569478
Subsea7,Olja & Gas - Service,-23.24731064,0.531480074,0.364706188
Telenor,Bredband & Telefoni,30.92507935,2.114794016,6.316984177
TGS-NOPEC,Olja & Gas - Service,17.05311012,2.896094084,1.106932044
Avance Gas,Olja & Gas - Transport,2.514131069,0.561722994,0.342163712
Bakkafrost,Fiskodling,24.63369942,4.424602032,2.349081993
Raybased,Säkerhet & Bevakning,-1.986601949,6.374072075,0.642605424
FastOut Int.,Affärs- & IT-System,1100,2.115937768,3.376132456
Sleepo,Möbler & Inredning,-46.85314941,0.355453014,4.174712181
NEXT Biometrics,Biometri,-0.373096913,0.757564306,0.492798209
Zalaris,Affärs- & IT-System,-124.8005981,0.807071686,5.841880798
NattoPharma,Läkemedel,-14.94931984,1.223345041,1.414878964
Medistim,Medicinsk Utrustning,45.66268921,8.826382637,13.55377007
Matas,Hygienprodukter,7.444190025,0.448756486,0.601507425
FirstFarms,Jordbruk,15.60011005,1.066323996,0.891709983
Esoft Systems,Marknadsföring,14.00646019,0.392566592,4.065180779
Detection,Medicinsk Utrustning,23.27725029,2.829559088,4.976008892
Catena Media,Betting & Casino,-11.05679989,1.133026958,0.792500615
Sjöstrand Coffee,Hemelektronik,-5.699051857,1.546026945,3.23307991
Invent Medic,Medicinsk Utrustning,-6.192493063,234.4163003,11.66763811
Loudspring Oyj,Investmentbolag,-1.547343969,31.45716095,0.970987976
EAB Group,Kapitalförvaltning,-17.82086945,1.452010036,1.384299994
Herantis Pharma,Biotech,-5.604786873,199.3724976,24.23489952
Nexstim Oyj,Medicinsk Utrustning,-0.194625393,0.386914998,-1.783280015
Nixu,Säkerhet & Bevakning,-17.81341934,1.21558404,4.073253155
Piippo,Förpackning,-16.81034088,0.262350291,0.576803029
Robit,Industrikomponenter,-5.805514812,0.478153914,0.831332207
SavoSolar Oyj,Solkraft,-0.264516085,0.313260406,0.583510876
Siili Solutions,Affärs- & IT-System,22.33061981,0.703800499,2.772314072
Taaleri,Kapitalförvaltning,15.86894989,2.615314007,1.398007035
Talenom,Affärskonsulter,28.83045959,3.763530016,9.312153816
United Bankers,Kapitalförvaltning,17.27272987,2.351115942,2.059700012
Verkkokauppa.com,Detaljhandel,19.96537971,0.308965296,4.264554977
XXL,Detaljhandel,-4.021129131,0.132810295,0.309626698
LeoVegas,Betting & Casino,27.98345947,0.820415497,3.129149914
Insr Insurance,Försäkring,-5.540125847,0.38932839,1.296126008
Bonheur,Vindkraft,-17.30569077,0.858598113,1.176377058
Protector,Försäkring,-537.3563232,0.582675815,1.19677496
Thin Film,Elektronik & Tillverkning,-0.142910704,6.511066914,-0.648832917
AF Gruppen,Byggnation & Infrastruktur,18.55484009,0.700770378,7.235534191
Humana,Sjukhus & Vårdhem,11.90005016,0.299610794,0.979936123
GARO,Elektroniska komponenter,33.72229004,2.858839035,8.425656319
Dividend Sweden,Investmentbolag,-3.328509092,0.521546423,0.477569789
RhoVac,Biotech,-3.052079916,17.52014923,0.74956888
Polygiene,Kläder & Skor,-30.31745911,2.196346045,4.549450874
AddLife,Biotech,59.34775925,2.405275106,5.669342995
Ocean Yield,Olja & Gas - Transport,-10.52610016,1.781610012,0.530314684
Kvaerner,Olja & Gas - Service,7.724280834,0.199248195,0.531642616
StrongPoint,Säkerhet,15.4574604,0.443054706,1.86648798
Atea,IT-Konsulter,19.24148941,0.278214306,3.316405058
Wallenius Wilhelmsen,Sjöfart & Rederi,5.265357018,0.125263304,0.182843298
Stolt-Nielsen,Sjöfart & Rederi,26.21083069,0.270711094,0.400906414
Tomra Systems,Energi & Återvinning,56.9474411,5.010916233,9.225736618
Veidekke,Byggnation & Infrastruktur,17.19886971,0.313693613,2.869299889
Kongsberg Gruppen,Militär & Försvar,33.58103943,0.97615099,1.835026979
SalMar,Fiskodling,18.32008934,3.724601984,5.060135841
Napatech,Kommunikation,-10.6294899,0.847185194,1.842345953
Bang & Olufsen,Hemelektronik,-1.826177001,0.401806086,0.946134925
Flugger,Kemikalier,17.1617794,0.449150205,1.088842988
Roblon,Kemikalier,-103.3420029,0.91992718,1.195989013
Xintela,Biotech,-3.17373991,24.32559013,14.81766033
ABG Sundal Collier,Nischbanker,7.153209209,1.203516006,2.35373497
Hiddn Solutions,Säkerhet & Bevakning,-0.159682006,0.33341229,-2.984328032
Akastor,Olja & Gas - Service,-226.9022064,0.211114302,0.260000914
Aker,Investmentbolag,-11.53240013,0.362603903,0.93843168
AKVA Group,Fiskodling,126.8470001,0.603224099,1.881667018
American Shipping,Sjöfart & Rederi,40.21269989,1.992122054,0.998490393
AqualisBraemar,Olja & Gas - Service,2.127509117,0.349145502,0.40390119
Archer,Olja & Gas - Borrning,-0.635893106,0.03266418,0.279815108
Austevoll Seafood,Fiskodling,12.72157955,0.684359491,0.684671819
Avocet Mining,Gruv - Guld & Silver,-0.84350419,0.062800713,-0.05668604
Belships,Sjöfart & Rederi,34.46295166,0.780437112,0.792093873
Solon Eiendom,Fastighetsbolag,12.12325954,1.02331996,1.430112958
Biotec Pharmacon,Biotech,-60.79365158,4.386970997,7.828940868
Techstep,Affärs- & IT-System,-6.529993057,0.371015191,0.923915625
Wilh. Wilhelmsen B,Sjöfart & Rederi,4.883701801,0.654990017,0.296139091
Borgestad,Fastighetsbolag,-1.760349035,0.09592738,0.192667603
Borregaard,Kemikalier,21.65468025,1.783527017,2.731396914
BW Offshore Limited,Olja & Gas - Service,5.997148991,0.4296242,0.339634389
ContextVision,Medicinsk Utrustning,99.75865173,7.742897034,11.15869999
Simris Alg,Hälsoprodukter,-0.522629917,7.712563992,0.371507496
DOF,Olja & Gas - Service,-0.183517203,0.03552961,0.071767703
Eidesvik Offshore,Sjöfart & Rederi,-1.894899964,0.333748102,0.178242907
Electromagnetic Geoservices,Olja & Gas - Service,0.659933984,0.111052997,0.621391773
Entra,Fastighetsbolag,7.644821167,9.632857323,0.997856379
Funcom,Gaming & Spel,-531.4285889,5.52957201,3.178039074
Gaming Innovation,Betting & Casino,-0.569165707,0.299407989,1.655161023
Golden Ocean,Sjöfart & Rederi,16.18050957,0.852531672,0.397594601
Goodtech,Affärskonsulter,27.79233932,0.269747287,0.527468324
Grieg Seafood,Fiskodling,19.21641922,1.438701987,2.923501015
Havila Shipping,Olja & Gas - Service,-0.218776196,0.093881689,-0.067795306
Hexagon Composites,Förpackning,42.14097977,1.332556963,2.114500046
Höegh LNG,Olja & Gas - Transport,-3.214015961,0.283508986,0.240452006
IDEX Biometrics,Biometri,-2.749371052,210.6210938,5.014883995
InterOil Exploration,Olja & Gas - Exploatering,-2.338326931,0.570049822,-1.935359955
Jinhui Shipping,Sjöfart & Rederi,12.08637047,0.764823675,0.214932799
Kongsberg Automotive,Industrikomponenter,1.868005991,0.04601527,0.191397801
Sydsvenska Hem,Fastighetsbolag,9.713017464,5.719454765,0.997752011
Hoivatilat,Fastighetsbolag,14.14756012,17.16798019,2.15684104
Plejd,Elektroniska komponenter,-31.05656052,2.935873985,2.895118952
Vadsbo SwitchTech,Elektroniska komponenter,-4.488111973,0.769550979,3.050548077
Litium,Affärs- & IT-System,-6.954350927,2.498765405,3.457416914
Nepa,Affärs- & IT-System,-6.870963097,0.587034225,3.116775036
Resurs Holding,Kredit & Finansiering,4.865907192,1.604689002,0.826746523
Leroy Seafood,Fiskodling,16.93828011,1.539962053,1.77087903
Multiconsult,Affärskonsulter,37.94746017,0.387771189,2.291517019
Navamedic,Läkemedel,-12.38368988,1.065179944,2.535409927
NEL,Förnybarenergi,-53.68304062,25.41324043,7.840332985
Axactor,Kredit & Finansiering,7.821968079,0.447810799,0.338158101
Norway Royal Salmon,Fiskodling,24.88256073,1.739238977,2.934547901
Norwegian Energy,Olja & Gas - Exploatering,-5.309885025,42.22618866,-9.334210396
Norwegian Property,Fastighetsbolag,5.965026855,5.371181011,0.729299605
NRC Group,Byggnation & Infrastruktur,-26.9911499,0.270215303,0.819913507
Odfjell ser. B,Sjöfart & Rederi,-5.310041904,0.222795397,0.352584213
Odfjell Drilling,Olja & Gas - Borrning,4.358905792,0.216144904,0.167482197
Olav Thon,Fastighetsbolag,7.194452763,4.419370174,0.482295305
Panoro Energy,Olja & Gas - Exploatering,4.615927219,0.981457889,0.65014112
Petrolia,Olja & Gas - Service,2.935061932,0.265936494,0.371997207
Photocure,Läkemedel,45.98485184,5.166385174,6.973617077
Polarcus,Olja & Gas - Service,-1.756039977,0.061051451,0.256996393
Prosafe,Olja & Gas - Service,-0.03897693,0.069151938,6.494520187
Q-Free,Kommunikation,-13.65030956,0.333738089,0.836465716
Questerre Energy,Olja & Gas - Exploatering,4.400440216,1.419201016,0.191032901
SAS Nok,Flygtransport,16.48241997,0.080452614,0.851331294
Incus Investor,Investmentbolag,9.139784813,0.225950301,3.575908899
Scatec Solar,Solkraft,-485.4025879,10.61561012,6.147329807
Selvaag Bolig,Fastighetsbolag,6.446713924,1.252486944,1.25048995
SeaBird Exploration,Olja & Gas - Service,-0.385356486,0.203563601,0.1973802
Magnora,Olja & Gas - Service,19.56521988,10.01556015,3.897543907
Siem Offshore,Olja & Gas - Service,-0.95966959,0.289419889,0.2395069
Solstad Offshore,Olja & Gas - Transport,-0.051245179,0.028113499,-0.04115019
SpareBank,Banker,5.017166138,2.369514942,0.623054504
Storm Real Estate,Fastighetsbolag,-5.096936226,0.551163018,0.339060396
Team Tankers,Sjöfart & Rederi,-1.488139987,0.335718989,0.292657703
Nekkar,Sjöfart & Rederi,4.182837009,0.768333614,0.877126396
Voss Veksel Landmandsbank,Banker,5.689599991,2.763520956,0.469476908
Carasent,Affärs- & IT-System,175.9494019,11.78477001,6.235741138
Arendals Fossekompani,Elförsörjning,76.76584625,1.12183702,1.683985949
Asetek,Datorer & Hårdvara,-164.8249969,1.904894948,2.653316975
Endur,Sjöfart & Rederi,-14.33627987,0.279157102,1.23587501
Bouvet,IT-Konsulter,22.93173027,1.937453032,13.03256989
Byggma,Byggmaterial,12.00498009,0.324904799,0.681492925
Data Respons,IT-Konsulter,22.72077942,1.665199995,3.025204897
EMAS Offshore,Olja & Gas - Service,-0.102260299,0.086724803,0.547463417
Europris,Livsmedelsbutiker,15.65015984,0.942188382,2.969986916
Paradox Interactive,Gaming & Spel,53.63594818,15.56155014,17.83188057
GC Rieber Shipping,Sjöfart & Rederi,29.90431023,1.672896981,0.247014299
Gyldendal,Media & Publicering,26.86544037,0.733718514,2.136085987
Havyard Group,Sjöfart & Rederi,-0.567265809,0.01613,0.186562493
Itera,IT-Konsulter,17.77952957,1.32009697,15.95121956
Kid,Möbler & Inredning,9.264687538,0.82182461,1.675045967
Kitron,Elektroniska komponenter,12.20600033,0.490177691,2.187866926
Oceanteam,Olja & Gas - Transport,3.980737925,0.623529375,0.231407702
NTS,Sjöfart & Rederi,15.96407032,2.55946207,1.641230941
Polaris Media,Media & Publicering,10.98453045,0.730970681,0.733915508
RAK Petroleum,Olja & Gas - Exploatering,0.960422218,0.172641605,0.190337703
Reach Subsea,Olja & Gas - Service,-3.860071898,0.270984799,0.830991626
Sbanken,Nischbanker,8.116754532,3.518738031,0.79922092
Wilson,Sjöfart & Rederi,8.482023239,0.344936609,0.807272673
Aqua Bio Technology,Hälsoprodukter,-2.038835049,20.80540085,3.679732084
Awilco Drilling,Olja & Gas - Borrning,-1.118621945,0.89733541,0.136345893
Awilco LNG,Olja & Gas - Transport,-2.280189991,0.559690714,0.175629497
Hunter Group,Olja & Gas - Service,13.77095985,8.88933754,1.040099978
EAM Solar,Solkraft,-150.1457977,2.274666071,0.646462381
Hofseth BioCare,Hälsoprodukter,-27.32036018,32.79603958,17.59585953
FLEX LNG,Olja & Gas - Exploatering,18.51305008,2.61824894,0.374260187
5th Planet Games,Gaming & Spel,-0.440270007,2.64826107,0.807175517
Magseis Fairfield,Olja & Gas - Service,-0.337625086,0.079589069,0.157758296
North Energy,Olja & Gas - Exploatering,-10.23956966,178.6378937,0.521021783
PCI Biotech,Biotech,-18.88323975,178.8468018,6.578100204
Philly Shipyard,Sjöfart & Rederi,-6.265906811,4.288355827,1.311622977
RomReal,Fastighetsbolag,-5.21189785,10.03598022,0.436512589
Saga Tankers,Olja & Gas - Transport,4.203056812,2.634834051,0.584065974
Vow,Energi & Återvinning,-237.7985992,5.743402004,9.517351151
Vistin Pharma,Läkemedel,4.555198193,1.321822047,0.729437888
Aasen Sparebank,Banker,1.185590982,0.409230411,0.109671503
Induct,Affärs- & IT-System,-8.792128563,2.660211086,15.74438953
WR Entertainment,Media & Publicering,-0.073149323,6.41943121,0.925204873
ALK-Abello,Läkemedel,-334.6296997,5110.401855,5.268091202
Alm. Brand,Försäkring,19.59273911,1.048643947,1.935271978
Ambu,Medicinsk Utrustning,167.9196014,16.99732018,23.36632919
Bavarian Nordic,Biotech,-10.59998989,7.703231812,2.253632069
DS Norden,Sjöfart & Rederi,26.88986969,0.199802607,0.601012588
DFDS,Sjöfart & Rederi,6.431553841,0.507407188,0.819277883
Athena Investments,Förnybarenergi,-1.035058022,0.892929673,0.371563613
Jeudan,Fastighetsbolag,15.21249962,8.177798271,1.72656095
Jutlander Bank,Banker,3.823995113,1.772299051,0.432731807
NKT Holding,Elektroniska komponenter,-5.653563976,0.354189396,0.591520071
NNIT,IT-Konsulter,16.36611938,0.97939831,2.56201911
Onxeo,Läkemedel,-3.0868361,4.889130116,0.717449725
Per Aarsleff,Byggnation & Infrastruktur,7.888599873,0.251995206,1.052754045
Ringkjobing Landbobank,Banker,10.96263027,5.380314827,1.409265995
SAS ddk,Flygtransport,13.85015011,0.067599982,0.715327621
Schouw & Co.,Industrikomponenter,12.63047028,0.54933399,1.208776951
SimCorp,Affärs- & IT-System,33.12342072,7.061514854,13.95390987
Solar,Affärskonsulter,22.69228935,0.124351598,0.912249982
Sparekassen Sjaelland-Fyn,Banker,4.977056026,0.940867305,0.319761306
Tivoli,Resor & Nöjen,21.78499985,3.468856096,3.473812103
Spar Nord Bank,Banker,5.362979889,3.443469048,0.554920316
United Int. Enterprises,Investmentbolag,9.161289215,2.180239916,1.009335041
Zealand Pharma,Biotech,-12.66825962,175.1721039,5.826463223
Össur,Medicinsk Utrustning,43.71474075,4.206569195,5.115149975
AaB,Fritid & Sport,-0.825594604,0.294420689,0.245067105
AGF B,Fritid & Sport,8.958333015,1.142881989,2.236964941
BoStad,Fastighetsbolag,20.47661018,2.839333057,0.732789993
Andersen & Martini,Bil & Motor,42.29758072,0.090996571,0.752541482
BankNordik,Banker,4.626605034,1.535802007,0.422431588
BioPorto,Biotech,-6.909547806,18.07136917,18.99913025
Brd. Klee,Industrikomponenter,109.935997,6.357831001,14.9816103
Brdr. A&O Johansen,Installation & VVS,5.376601219,0.196595699,0.80930531
Brdr. Hartmann,Förpackning,11.78693962,0.836350024,2.241554976
Brondby IF,Fritid & Sport,-1.155853987,0.519286275,1.570584059
cBrain,Affärs- & IT-System,197.7805023,16.63693047,17.45640945
ChemoMetec,Medicinsk Utrustning,92.48513031,22.53664017,11.16989994
Columbus,Affärs- & IT-System,36.1079216,0.385273397,1.118541956
Copenhagen Capital,Fastighet - REIT,4.150019169,5.88813591,0.612212121
Danske Andelskassers,Nischbanker,3.995059967,1.506122947,0.454752505
Dantax,Hemelektronik,16.44355011,2.427198887,1.088824034
Djurslands Bank,Banker,5.38874197,1.636154056,0.524785876
Scandinavian Investment,Investmentbolag,11.33870029,0.245389104,1.025342941
Erria,Sjöfart & Rederi,-11.09685993,0.260465592,-1.21232605
Boliga Gruppen,Mätning & Analys,15.91553974,2.273092985,0.725045085
F.E. Bording,Affärskonsulter,-4.748535156,0.221280396,0.982021928
Fast Ejendom,Fastighetsbolag,6.473285198,3.871532917,0.766665578
Fynske Bank,Banker,6.615467072,1.908501983,0.454716086
Gabriel Holding,Möbler & Inredning,29.30142975,1.857584,5.065565109
German High Street,Fastighetsbolag,34.11275864,8.532518387,0.697890222
Glunz & Jensen,Industrimaskiner,-122.4347,0.499440998,1.074185014
Grönlandsbanken,Banker,6.48409605,2.628426075,0.781682074
Gyldendal B,Media & Publicering,25.7664299,0.703702688,2.048700094
HH International,Byggmaterial,10.22255993,0.536324024,1.141798973
Harboes Bryggeri,Bryggeri,-8.387572289,0.1855499,0.363395303
Hvidbjerg Bank,Banker,3.238960981,1.080127954,0.550424278
MT Hojgaard B,Byggnation & Infrastruktur,12.67963028,2.631102085,1.521438956
InterMail,Förpackning,-4.188667774,0.2190395,1.520481944
Kreditbanken,Banker,6.413163185,2.715476036,0.755662501
Lollands Bank,Banker,7.102653027,2.107731104,0.694271922
Luxor,Investmentbolag,11.81198978,3.36631608,0.825536609
Lån og Spar Bank,Nischbanker,8.717411041,1.836720943,0.067495413
Migatronic,Industrimaskiner,24.21692085,0.721887589,1.683779001
Mons Bank,Banker,6.281555176,1.39715004,0.456575215
NTG Nordic Transport,Tåg- & Lastbilstransport,-17.56738091,37.63689041,1.692183018
Nordfyns Bank,Banker,4.265871048,1.001899004,0.404410005
Nordic Shipholding,Olja & Gas - Transport,-6.240250111,0.674362719,3.082425117
Park Street Nordicom,Fastighetsbolag,4.737402916,2.806829929,0.601666927
North Media,Media & Publicering,3.927007914,0.713460982,1.201148987
NTR Holding,Elektroniska komponenter,16.17494011,0.936020911,0.620661616
PARKEN Sport,Fritid & Sport,41.90044022,0.889283597,0.941482723
Prime Office,Fastighetsbolag,6.139262199,3.957760096,0.550353229
Rias,Kemikalier,13.57935047,0.348179489,0.592391193
RTX,Kommunikation,19.57099915,2.578557968,4.279038906
Salling Bank,Banker,2.955445051,0.431225002,0.136074394
Sanistål,Installation & VVS,-3.318474054,0.185409799,1.118832946
EAC Invest,Affärskonsulter,-42.96503067,15.87123013,337.7250977
Scandinavian Brake,Industrikomponenter,8.122866631,0.057484109,-0.262914598
Silkeborg IF,Fritid & Sport,11.98007011,1.205428004,0.620587409
SKAKO,Industrimaskiner,9.157110214,0.368308693,1.048506021
Skjern Bank,Banker,3.742680073,1.51630795,0.493940502
SP Group,Kemikalier,12.69964981,1.03075397,3.10976696
Rovsing,Rymd- & Satellitteknik,-2.33457303,0.599475384,1.17739296
Agat Ejendomme,Fastighetsbolag,-1.130377054,0.637619376,0.388742208
Cemat,Fastighetsbolag,21.01124001,2.674870014,0.828770816
TORM,Olja & Gas - Transport,3.208822966,0.769168317,0.528669715
Totalbanken,Banker,2.871376038,1.225505948,0.427104414
Vestjysk Bank,Banker,0.9324525,0.513048172,0.150692999
Victoria Properties,Fastighetsbolag,-19.46903038,18.82817078,2.286015034
EgnsINVEST,Fastighetsbolag,7.809258938,10.23153019,0.869835317
Enalyzer,Affärs- & IT-System,-27.08978081,0.562677085,3.28151989
FastPassCorp,Säkerhet & Bevakning,95.66516876,4.052186966,2.656737089
Jobindex,Bemanning,11.95333004,2.571533918,9.768998146
WIRTEK,Affärs- & IT-System,200,9.499375343,59.52172852
Tokmanni Group,Detaljhandel,12.03750038,0.597626388,3.069346905
Lehto Group,Bostadsbyggnation,-2.226200104,0.119076498,0.710847378
Qt Group,Affärs- & IT-System,-1382.979004,7.777510166,27.38748932
Real Holding,Fastighetsbolag,-0.337381899,0.124846198,0.113453403
Talkpool,Telekomtjänster,-1.801802039,0.270429313,-2.06447506
Lauritz,Internettjänster,0.447392792,0.111907497,2.026081085
Provide IT,Affärs- & IT-System,17.65156937,0.683440328,0.987152398
Swedencare,Hälsoprodukter,41.12189102,9.695130348,9.366319656
B3 Consulting,IT-Konsulter,20.04438972,0.255165786,1.556364059
Bosjö Fastigheter,Fastighetsbolag,3.952476978,4.623577118,0.692158103
Clean Motion,Bil & Motor,-3.031222105,7.546617985,0.635154188
FrontOffice Nordic,Investmentbolag,21.98376083,76.28504181,1.080796957
Alelion Energy,Industrikomponenter,-1.397336006,0.905405223,0.993585885
BrandBee,Internettjänster,-0.449574709,0.913166106,2.330977917
TF Bank,Kredit & Finansiering,7.094749928,1.985396981,1.705456972
Nordic Waterproofing,Byggmaterial,9.229059219,0.585090518,1.527744055
AcadeMedia,Utbildning,12.79067039,0.436004013,1.159183979
Orsted,Vindkraft,43.93787003,4.060614109,3.311851025
Bonava B,Fastighetsbolag,6.809433937,0.270634115,0.555778623
PiezoMotor,Elektroniska komponenter,-25.37978935,13.15379047,8.455183029
Cyxone,Biotech,-3.941200972,3849.74707,1.931931019
Loudspring,Investmentbolag,-1.644229054,33.44086075,1.032199979
Enorama Pharma,Läkemedel,-8.979397774,20.2843895,29.76682091
Mediacle,Hemelektronik,5666.666992,3.667705059,1.15794301
GomSpace,Rymd- & Satellitteknik,-2.423052073,2.696888924,1.242843032
Redwood Pharma,Läkemedel,-10.86781979,5036.293945,14.09216976
Shortcut Media,Marknadsföring,-5.270696163,0.256202191,1.314579964
Absolicon,Solkraft,-13.93494034,22.50400925,4.521438122
Cereno Scientific,Läkemedel,-6.872037888,9.547211647,1.759821057
Privanet,Kredit & Finansiering,-0.592056394,-6.352756977,1.229763031
Pareto Bank,Nischbanker,5.234958172,3.006714106,0.639012575
Norwegian Finans,Nischbanker,3.530667067,1.394137979,0.912016511
Avidly,Marknadsföring,-1.908033013,0.213434502,0.672163785
B2Holding,Kredit & Finansiering,17.27968979,0.64190948,0.435407013
Aega,Solkraft,-12.09677029,3.656120062,0.853247881
Scandinavian Tobacco,Tobak,9.442289352,1.027611971,0.775594115
MaxFast Properties,Fastighetsbolag,4.333257198,3.104450941,0.518228114
Gold Town Games,Gaming & Spel,-2.976382971,1.380581021,1.120744944
Targovax,Biotech,-2.424146891,158.8766022,1.204327941
Meltron,Elektroniska komponenter,-0.723822892,3.514110088,0.090510219
Maha Energy,Olja & Gas - Exploatering,4.517663002,1.84434998,1.010563016
ExpreS2ion Biotech,Biotech,-6.889811993,8.321130753,-106.6477966
PEN Concept,Bygginredning,-0.087111108,0.01095807,1.116776943
Flowscape,Säkerhet & Bevakning,-2.834224939,2.218616962,1.404371023
Alcadon Group,Elektroniska komponenter,13.14196968,0.528146684,1.239153028
Engelska Skolan,Utbildning,14.86495972,0.834635675,2.156685114
Eyeonid,Biometri,-2.068964958,4.354379177,0.854371011
Sustainable Energy,Installation & VVS,-0.64733392,0.225415707,-0.687644601
Three Gates,Gaming & Spel,-0.949367106,1.739863992,5.144274235
WilLak,Byggmaterial,-0.48572129,0.256947607,0.621248424
Cyber Security 1,Säkerhet & Bevakning,-0.656387687,0.01190842,0.059660189
Mälaråsen,Fastighetsbolag,3.987027884,4.225450039,0.64372009
Solnaberg,Fastighetsbolag,266.1306152,8.549788475,1.871886015
FRISQ,Affärs- & IT-System,-2.949585915,70.34264374,1.158228993
Vincit,Affärs- & IT-System,38.38603973,0.791666925,1.812273979
Gasporox,Mätning & Analys,-12.35319996,5.283366203,2.685194016
Embracer,Gaming & Spel,88.09567261,4.11728096,4.805673122
Cellink,Medicinsk Utrustning,-159.2463074,17.94100952,4.194789886
Serneke,Byggnation & Infrastruktur,-10.29294968,0.130094707,0.40150851
Volati,Investmentbolag,36.10902023,0.391045213,1.136543036
Byggpartner,Byggnation & Infrastruktur,9.464149475,0.26215899,3.297691107
Edgeware,Kommunikation,-5.898944855,0.783659577,0.679712296
Arcus,Bryggeri,17.4186306,0.805107892,1.341344953
Crunchfish,Biometri,-16.53779984,18.79579926,10.93043995
Gapwaves,Kommunikation,-17.83848,31.45535088,5.584353924